id,title,poster,overview,release_date,genres
287947,Shazam!,https://image.tmdb.org/t/p/w500/xnopI5Xtky18MPhK40cZAGAOVeV.jpg,"A boy is given the ability to become an adult superhero in times of need with a single magic word.",1553299200,"Action, Comedy, Fantasy"
299537,"Captain Marvel",https://image.tmdb.org/t/p/w500/AtsgWhDnHTq68L0lLsUrCnM7TjG.jpg,"The story follows Carol Danvers as she becomes one of the universe’s most powerful heroes when Earth is caught in the middle of a galactic war between two alien races. Set in the 1990s, Captain Marvel is an all-new adventure from a previously unseen period in the history of the Marvel Cinematic Universe.",1551830400,"Action, Adventure, Science Fiction"
522681,"Escape Room",https://image.tmdb.org/t/p/w500/8Ls1tZ6qjGzfGHjBB7ihOnf7f0b.jpg,"Six strangers find themselves in circumstances beyond their control, and must use their wits to survive.",1546473600,"Thriller, Action, Horror, Science Fiction"
166428,"How to Train Your Dragon: The Hidden World",https://image.tmdb.org/t/p/w500/xvx4Yhf0DVH8G4LzNISpMfFBDy2.jpg,"As Hiccup fulfills his dream of creating a peaceful dragon utopia, Toothless’ discovery of an untamed, elusive mate draws the Night Fury away. When danger mounts at home and Hiccup’s reign as village chief is tested, both dragon and rider must make impossible decisions to save their kind.",1546473600,"Animation, Family, Adventure"
450465,Glass,https://image.tmdb.org/t/p/w500/svIDTNUoajS8dLEo7EosxvyAsgJ.jpg,"In a series of escalating encounters, security guard David Dunn uses his supernatural abilities to track Kevin Wendell Crumb, a disturbed man who has twenty-four personalities. Meanwhile, the shadowy presence of Elijah Price emerges as an orchestrator who holds secrets critical to both men.",1547596800,Documentary
495925,"Doraemon the Movie: Nobita's Treasure Island",https://image.tmdb.org/t/p/w500/xiLRClQmKSVAbiu6rgCRzNQjcSX.jpg,"The story is based on Robert Louis Stevenson's Treasure Island novel.",1520035200,Animation
329996,Dumbo,https://image.tmdb.org/t/p/w500/deTOAcMWuHTjOUPQphwcPFFfTQz.jpg,"A young elephant, whose oversized ears enable him to fly, helps save a struggling circus, but when the circus plans a new venture, Dumbo and his friends discover dark secrets beneath its shiny veneer.",1553644800,"Adventure, Family, Fantasy"
299536,"Avengers: Infinity War",https://image.tmdb.org/t/p/w500/7WsyChQLEftFiDOVTGkv3hFpyyt.jpg,"As the Avengers and their allies have continued to protect the world from threats too large for any one hero to handle, a new danger has emerged from the cosmic shadows: Thanos. A despot of intergalactic infamy, his goal is to collect all six Infinity Stones, artifacts of unimaginable power, and use them to inflict his twisted will on all of reality. Everything the Avengers have fought for has led up to this moment - the fate of Earth and existence itself has never been more uncertain.",1524618000,"Adventure, Action, Science Fiction"
458723,Us,https://image.tmdb.org/t/p/w500/ux2dU1jQ2ACIMShzB3yP93Udpzc.jpg,"Husband and wife Gabe and Adelaide Wilson take their kids to their beach house expecting to unplug and unwind with friends. But as night descends, their serenity turns to tension and chaos when some shocking visitors arrive uninvited.",1552521600,"Documentary, Family"
424783,Bumblebee,https://image.tmdb.org/t/p/w500/fw02ONlDhrYjTSZV8XO6hhU3ds3.jpg,"On the run in the year 1987, Bumblebee finds refuge in a junkyard in a small Californian beach town. Charlie, on the cusp of turning 18 and trying to find her place in the world, discovers Bumblebee, battle-scarred and broken.  When Charlie revives him, she quickly learns this is no ordinary yellow VW bug.",1544832000,"Action, Adventure, Science Fiction"
920,Cars,https://image.tmdb.org/t/p/w500/qa6HCwP4Z15l3hpsASz3auugEW6.jpg,"Lightning McQueen, a hotshot rookie race car driven to succeed, discovers that life is about the journey, not the finish line, when he finds himself unexpectedly detoured in the sleepy Route 66 town of Radiator Springs. On route across the country to the big Piston Cup Championship in California to compete against two seasoned pros, McQueen gets to know the town's offbeat characters.",1149728400,"Animation, Adventure, Comedy, Family"
299534,"Avengers: Endgame",https://image.tmdb.org/t/p/w500/ulzhLuWrPK07P1YkdWQLZnQh1JL.jpg,"After the devastating events of Avengers: Infinity War, the universe is in ruins due to the efforts of the Mad Titan, Thanos. With the help of remaining allies, the Avengers must assemble once more in order to undo Thanos' actions and restore order to the universe once and for all, no matter what consequences may be in store.",1556067600,"Adventure, Science Fiction, Action"
324857,"Spider-Man: Into the Spider-Verse",https://image.tmdb.org/t/p/w500/iiZZdoQBEYBv6id8su7ImL0oCbD.jpg,"Miles Morales is juggling his life between being a high school student and being a spider-man. When Wilson 'Kingpin' Fisk uses a super collider, others from across the Spider-Verse are transported to this dimension.",1544140800,"Action, Adventure, Animation, Science Fiction, Comedy"
157433,"Pet Sematary",https://image.tmdb.org/t/p/w500/7SPhr7Qj39vbnfF9O2qHRYaKHAL.jpg,"Louis Creed, his wife Rachel and their two children Gage and Ellie move to a rural home where they are welcomed and enlightened about the eerie 'Pet Sematary' located nearby. After the tragedy of their cat being killed by a truck, Louis resorts to burying it in the mysterious pet cemetery, which is definitely not as it seems, as it proves to the Creeds that sometimes dead is better.",1554339600,"Thriller, Horror"
456740,Hellboy,https://image.tmdb.org/t/p/w500/bk8LyaMqUtaQ9hUShuvFznQYQKR.jpg,"Hellboy comes to England, where he must defeat Nimue, Merlin's consort and the Blood Queen. But their battle will bring about the end of the world, a fate he desperately tries to turn away.",1554944400,"Fantasy, Action"
537915,After,https://image.tmdb.org/t/p/w500/u3B2YKUjWABcxXZ6Nm9h10hLUbh.jpg,"A young woman falls for a guy with a dark secret and the two embark on a rocky relationship.",1554944400,"Mystery, Drama"
485811,Redcon-1,https://image.tmdb.org/t/p/w500/vVPrWngVJ2cfYAncBedQty69Dlf.jpg,"After a zombie apocalypse spreads from a London prison, the UK is brought to its knees. The spread of the virus is temporarily contained but, without a cure, it’s only a matter of time before it breaks its boundaries and the biggest problem of all… any zombies with combat skills are now enhanced. With the South East of England quarantined from the rest of the world using fortified borders, intelligence finds that the scientist responsible for the outbreak is alive and well in London. With his recovery being the only hope of a cure, a squad of eight Special Forces soldiers is sent on a suicide mission to the city, now ruled by the undead, with a single task: get him out alive within 72 hours by any means necessary. What emerges is an unlikely pairing on a course to save humanity against ever-rising odds.",1538096400,"Action, Horror"
471507,Destroyer,https://image.tmdb.org/t/p/w500/sHw9gTdo43nJL82py0oaROkXXNr.jpg,"Erin Bell is an LAPD detective who, as a young cop, was placed undercover with a gang in the California desert with tragic results. When the leader of that gang re-emerges many years later, she must work her way back through the remaining members and into her own history with them to finally reckon with the demons that destroyed her past.",1545696000,"Horror, Thriller"
400650,"Mary Poppins Returns",https://image.tmdb.org/t/p/w500/uTVGku4LibMGyKgQvjBtv3OYfAX.jpg,"In Depression-era London, a now-grown Jane and Michael Banks, along with Michael's three children, are visited by the enigmatic Mary Poppins following a personal loss. Through her unique magical skills, and with the aid of her friend Jack, she helps the family rediscover the joy and wonder missing in their lives.",1544659200,Documentary
297802,Aquaman,https://image.tmdb.org/t/p/w500/5Kg76ldv7VxeX9YlcQXiowHgdX6.jpg,"Once home to the most advanced civilization on Earth, Atlantis is now an underwater kingdom ruled by the power-hungry King Orm. With a vast army at his disposal, Orm plans to conquer the remaining oceanic people and then the surface world. Standing in his way is Arthur Curry, Orm's half-human, half-Atlantean brother and true heir to the throne.",1544140800,"Action, Adventure, TV Movie"
512196,"Happy Death Day 2U",https://image.tmdb.org/t/p/w500/4tdnePOkOOzwuGPEOAHp8UA4vqx.jpg,"Collegian Tree Gelbman wakes up in horror to learn that she's stuck in a parallel universe. Her boyfriend Carter is now with someone else, and her friends and fellow students seem to be completely different versions of themselves. When Tree discovers that Carter's roommate has been altering time, she finds herself once again the target of a masked killer. When the psychopath starts to go after her inner circle, Tree soon realizes that she must die over and over again to save everyone.",1550016000,"Comedy, Horror, Science Fiction"
390634,"Fate/stay night: Heaven’s Feel II. lost butterfly",https://image.tmdb.org/t/p/w500/nInpnGCjhzVhsASIUAmgM1QIhYM.jpg,"Theatrical-release adaptation of the visual novel 'Fate/stay night', following the third and final route. (Part 2 of a trilogy.)",1547251200,"Animation, Action, Fantasy, Drama"
500682,"The Highwaymen",https://image.tmdb.org/t/p/w500/4bRYg4l12yDuJvAfqvUOPnBrxno.jpg,"In 1934, Frank Hamer and Manny Gault, two former Texas Rangers, are commissioned to put an end to the wave of vicious crimes perpetrated by Bonnie Parker and Clyde Barrow, a notorious duo of infamous robbers and cold-blooded killers who nevertheless are worshiped by the public.",1552608000,Music
454294,"The Kid Who Would Be King",https://image.tmdb.org/t/p/w500/kBuvLX6zynQP0sjyqbXV4jNaZ4E.jpg,"Old-school magic meets the modern world when young Alex stumbles upon the mythical sword Excalibur. He soon unites his friends and enemies, and they become knights who join forces with the legendary wizard Merlin. Together, they must save mankind from the wicked enchantress Morgana and her army of supernatural warriors.",1547596800,"Action, Adventure, Fantasy, Family"
543103,"Kamen Rider Heisei Generations FOREVER",https://image.tmdb.org/t/p/w500/kHMuyjlvNIwhCaDFiRwnl45wF7z.jpg,"In the world of Sougo Tokiwa and Sento Kiryu, their 'companions' are losing their memories one after the other as they're replaced by other people. The Super Time Jacker, Tid , appears before them. He orders his powerful underlings, Another Double and Another Den-O, to pursue a young boy called Shingo. While fighting to protect Shingo, Sougo meets Ataru, a young man who loves Riders, but Ataru says that Kamen Riders aren't real. What is the meaning of those words? While the mystery deepens, the true enemy that Sougo and Sento must defeat appears in the Kuriogatake mountain...",1545436800,"Action, Adventure, Science Fiction"
404368,"Ralph Breaks the Internet",https://image.tmdb.org/t/p/w500/qEnH5meR381iMpmCumAIMswcQw2.jpg,"Video game bad guy Ralph and fellow misfit Vanellope von Schweetz must risk it all by traveling to the World Wide Web in search of a replacement part to save Vanellope's video game, 'Sugar Rush.' In way over their heads, Ralph and Vanellope rely on the citizens of the internet -- the netizens -- to help navigate their way, including an entrepreneur named Yesss, who is the head algorithm and the heart and soul of trend-making site BuzzzTube.",1542672000,"Family, Animation, Comedy, Adventure"
338952,"Fantastic Beasts: The Crimes of Grindelwald",https://image.tmdb.org/t/p/w500/fMMrl8fD9gRCFJvsx0SuFwkEOop.jpg,"Gellert Grindelwald has escaped imprisonment and has begun gathering followers to his cause—elevating wizards above all non-magical beings. The only one capable of putting a stop to him is the wizard he once called his closest friend, Albus Dumbledore. However, Dumbledore will need to seek help from the wizard who had thwarted Grindelwald once before, his former student Newt Scamander, who agrees to help, unaware of the dangers that lie ahead. Lines are drawn as love and loyalty are tested, even among the truest friends and family, in an increasingly divided wizarding world.",1542153600,"Adventure, Fantasy, Family"
399579,"Alita: Battle Angel",https://image.tmdb.org/t/p/w500/xRWht48C2V8XNfzvPehyClOvDni.jpg,"When Alita awakens with no memory of who she is in a future world she does not recognize, she is taken in by Ido, a compassionate doctor who realizes that somewhere in this abandoned cyborg shell is the heart and soul of a young woman with an extraordinary past.",1548892800,"Action, Science Fiction"
450001,"Master Z: Ip Man Legacy",https://image.tmdb.org/t/p/w500/6VxEvOF7QDovsG6ro9OVyjH07LF.jpg,"After being defeated by Ip Man, Cheung Tin Chi is attempting to keep a low profile. While going about his business, he gets into a fight with a foreigner by the name of Davidson, who is a big boss behind the bar district. Tin Chi fights hard with Wing Chun and earns respect.",1545264000,Action
504172,"The Mule",https://image.tmdb.org/t/p/w500/klazQbxk3yfuZ8JcfO9jdKOZQJ7.jpg,"Earl Stone, a man in his 80s who is broke, alone, and facing foreclosure of his business when he is offered a job that simply requires him to drive. Easy enough, but, unbeknownst to Earl, he’s just signed on as a drug courier for a Mexican cartel. He does so well that his cargo increases exponentially, and Earl hit the radar of hard-charging DEA agent Colin Bates.",1544745600,"Crime, Comedy"
527729,"Asterix: The Secret of the Magic Potion",https://image.tmdb.org/t/p/w500/wmMq5ypRNJbWpdhC9aPjpdx1MMp.jpg,"Following a fall during mistletoe picking, Druid Getafix decides that it is time to secure the future of the village. Accompanied by Asterix and Obelix, he undertakes to travel the Gallic world in search of a talented young druid to transmit the Secret of the Magic Potion.",1543968000,"Animation, Family, Comedy, Adventure"
118340,"Guardians of the Galaxy",https://image.tmdb.org/t/p/w500/r7vmZjiyZw9rpJMQJdXpjgiCOk9.jpg,"Light years from Earth, 26 years after being abducted, Peter Quill finds himself the prime target of a manhunt after discovering an orb wanted by Ronan the Accuser.",1406682000,
411728,"The Professor and the Madman",https://image.tmdb.org/t/p/w500/gtGCDLhfjW96qVarwctnuTpGOtD.jpg,"Professor James Murray begins work compiling words for the first edition of the Oxford English Dictionary in the mid 19th century and receives over 10,000 entries from a patient at Broadmoor Criminal Lunatic Asylum , Dr William Minor.",1551916800,"Drama, History, Mystery, Thriller"
527641,"Five Feet Apart",https://image.tmdb.org/t/p/w500/kreTuJBkUjVWePRfhHZuYfhNE1T.jpg,"Seventeen-year-old Stella spends most of her time in the hospital as a cystic fibrosis patient. Her life is full of routines, boundaries and self-control -- all of which get put to the test when she meets Will, an impossibly charming teen who has the same illness.",1552608000,"Romance, Drama"
576071,Unplanned,https://image.tmdb.org/t/p/w500/tvCtAz8z5tF49a7q9RRHvxiTjzv.jpg,"As one of the youngest Planned Parenthood clinic directors in the nation, Abby Johnson was involved in upwards of 22,000 abortions and counseled countless women on their reproductive choices. Her passion surrounding a woman's right to choose led her to become a spokesperson for Planned Parenthood, fighting to enact legislation for the cause she so deeply believed in. Until the day she saw something that changed everything.",1553126400,Drama
283995,"Guardians of the Galaxy Vol. 2",https://image.tmdb.org/t/p/w500/y4MBh0EjBlMuOzv9axM4qJlmhzz.jpg,"The Guardians must fight to keep their newfound family together as they unravel the mysteries of Peter Quill's true parentage.",1492563600,"Action, Adventure, Comedy, Science Fiction"
464504,"A Madea Family Funeral",https://image.tmdb.org/t/p/w500/sFvOTUlZrIxCLdmz1fC16wK0lme.jpg,"A joyous family reunion becomes a hilarious nightmare as Madea and the crew travel to backwoods Georgia, where they find themselves unexpectedly planning a funeral that might unveil unpleasant family secrets.",1551398400,Comedy
428078,"Mortal Engines",https://image.tmdb.org/t/p/w500/gLhYg9NIvIPKVRTtvzCWnp1qJWG.jpg,"Many thousands of years in the future, Earth’s cities roam the globe on huge wheels, devouring each other in a struggle for ever diminishing resources. On one of these massive traction cities, the old London, Tom Natsworthy has an unexpected encounter with a mysterious young woman from the wastelands who will change the course of his life forever.",1543276800,"Adventure, Fantasy"
460539,"Kuppathu Raja",https://image.tmdb.org/t/p/w500/wzLde7keWQqWA0CJYVz0X5RVKjd.jpg,"Kuppathu Raja is an upcoming Tamil comedy drama film directed by Baba Bhaskar. The film features G. V. Prakash Kumar and Parthiban in the lead roles.",1554426000,Drama
24428,"The Avengers",https://image.tmdb.org/t/p/w500/RYMX2wcKCBAr24UyPD7xwmjaTn.jpg,"When an unexpected enemy emerges and threatens global safety and security, Nick Fury, director of the international peacekeeping agency known as S.H.I.E.L.D., finds himself in need of a team to pull the world back from the brink of disaster. Spanning the globe, a daring recruitment effort begins!",1335315600,Documentary
120,"The Lord of the Rings: The Fellowship of the Ring",https://image.tmdb.org/t/p/w500/6oom5QYQ2yQTMJIbnvbkBL9cHo6.jpg,"Young hobbit Frodo Baggins, after inheriting a mysterious ring from his uncle Bilbo, must leave his home in order to keep it from falling into the hands of its evil creator. Along the way, a fellowship is formed to protect the ringbearer and make sure that the ring arrives at its final destination: Mt. Doom, the only place where it can be destroyed.",1008633600,"Adventure, Fantasy, Action"
671,"Harry Potter and the Philosopher's Stone",https://image.tmdb.org/t/p/w500/wuMc08IPKEatf9rnMNXvIDxqP4W.jpg,"Harry Potter has lived under the stairs at his aunt and uncle's house his whole life. But on his 11th birthday, he learns he's a powerful wizard -- with a place waiting for him at the Hogwarts School of Witchcraft and Wizardry. As he learns to harness his newfound powers with the help of the school's kindly headmaster, Harry uncovers the truth about his parents' deaths -- and about the villain who's to blame.",1005868800,"Adventure, Fantasy, Family"
500904,"A Vigilante",https://image.tmdb.org/t/p/w500/x5MSMGVagNINIWyZaxdjLarTDM3.jpg,"A vigilante helps victims escape their domestic abusers.",1553817600,"Thriller, Drama"
284053,"Thor: Ragnarok",https://image.tmdb.org/t/p/w500/rzRwTcFvttcN1ZpX2xv4j3tSdJu.jpg,"Thor is imprisoned on the other side of the universe and finds himself in a race against time to get back to Asgard to stop Ragnarok, the destruction of his home-world and the end of Asgardian civilization, at the hands of an all-powerful new threat, the ruthless Hela.",1508893200,"Action, Adventure, Comedy, Fantasy"
424694,"Bohemian Rhapsody",https://image.tmdb.org/t/p/w500/lHu1wtNaczFPGFDTrjCSzeLPTKN.jpg,"Singer Freddie Mercury, guitarist Brian May, drummer Roger Taylor and bass guitarist John Deacon take the music world by storm when they form the rock 'n' roll band Queen in 1970. Hit songs become instant classics. When Mercury's increasingly wild lifestyle starts to spiral out of control, Queen soon faces its greatest challenge yet – finding a way to keep the band together amid the success and excess.",1540342800,"Music, Documentary"
508763,"A Dog's Way Home",https://image.tmdb.org/t/p/w500/pZn87R7gtmMCGGO8KeaAfZDhXLg.jpg,"A Dog’s Way Home chronicles the heartwarming adventure of Bella, a dog who embarks on an epic 400-mile journey home after she is separated from her beloved human.",1547078400,"Drama, Family, Adventure"
284054,"Black Panther",https://image.tmdb.org/t/p/w500/uxzzxijgPIY7slzFvMotPv8wjKA.jpg,"King T'Challa returns home from America to the reclusive, technologically advanced African nation of Wakanda to serve as his country's new leader. However, T'Challa soon finds that he is challenged for the throne by factions within his own country as well as without. Using powers reserved to Wakandan kings, T'Challa assumes the Black Panther mantel to join with girlfriend Nakia, the queen-mother, his princess-kid sister, members of the Dora Milaje (the Wakandan 'special forces') and an American secret agent, to prevent Wakanda from being dragged into a world war.",1518480000,"Family, Drama"
335983,Venom,https://image.tmdb.org/t/p/w500/2uNW4WbgBXL25BAbXGLnLqX71Sw.jpg,"Investigative journalist Eddie Brock attempts a comeback following a scandal, but accidentally becomes the host of Venom, a violent, super powerful alien symbiote. Soon, he must rely on his newfound powers to protect the world from a shadowy organization looking for a symbiote of their own.",1538096400,Thriller
440472,"The Upside",https://image.tmdb.org/t/p/w500/hPZ2caow1PCND6qnerfgn6RTXdm.jpg,"Phillip is a wealthy quadriplegic who needs a caretaker to help him with his day-to-day routine in his New York penthouse. He decides to hire Dell, a struggling parolee who's trying to reconnect with his ex and his young son. Despite coming from two different worlds, an unlikely friendship starts to blossom.",1547078400,Drama
363088,"Ant-Man and the Wasp",https://image.tmdb.org/t/p/w500/eivQmS3wqzqnQWILHLc4FsEfcXP.jpg,"Just when his time under house arrest is about to end, Scott Lang once again puts his freedom at risk to help Hope van Dyne and Dr. Hank Pym dive into the quantum realm and try to accomplish, against time and any chance of success, a very dangerous rescue mission.",1530666000,"Action, Adventure, Science Fiction, Comedy"
351286,"Jurassic World: Fallen Kingdom",https://image.tmdb.org/t/p/w500/c9XxwwhPHdaImA2f1WEfEsbhaFB.jpg,"Three years after the demise of Jurassic World, a volcanic eruption threatens the remaining dinosaurs on the isla Nublar, so Claire Dearing, the former park manager, recruits Owen Grady to help prevent the extinction of the dinosaurs once again.",1528246800,"Action, Adventure, Science Fiction"
441384,"The Beach Bum",https://image.tmdb.org/t/p/w500/iXMxdC7T0t3dxislnUNybcvJmAH.jpg,"An irreverent comedy about the misadventures of Moondog, a rebellious stoner and lovable rogue who lives large.",1553126400,Comedy
480530,"Creed II",https://image.tmdb.org/t/p/w500/v3QyboWRoA4O9RbcsqH8tJMe8EB.jpg,"Between personal obligations and training for his next big fight against an opponent with ties to his family's past, Adonis Creed is up against the challenge of his life.",1542758400,Drama
399361,"Triple Frontier",https://image.tmdb.org/t/p/w500/aBw8zYuAljVM1FeK5bZKITPH8ZD.jpg,"Struggling to make ends meet, former special ops soldiers reunite for a high-stakes heist: stealing $75 million from a South American drug lord.",1551830400,"Action, Thriller, Crime, Adventure"
122917,"The Hobbit: The Battle of the Five Armies",https://image.tmdb.org/t/p/w500/xT98tLqatZPQApyRmlPL12LtiWp.jpg,"Immediately after the events of The Desolation of Smaug, Bilbo and the dwarves try to defend Erebor's mountain of treasure from others who claim it: the men of the ruined Laketown and the elves of Mirkwood. Meanwhile an army of Orcs led by Azog the Defiler is marching on Erebor, fueled by the rise of the dark lord Sauron. Dwarves, elves and men must unite, and the hope for Middle-Earth falls into Bilbo's hands.",1418169600,"Action, Adventure, Fantasy"
400157,"Wonder Park",https://image.tmdb.org/t/p/w500/8KomINZhIuJeB4oB7k7tkq8tmE.jpg,"The story of a magnificent amusement park where the imagination of a wildly creative girl named June comes alive.",1552521600,"Comedy, Animation, Adventure, Family, Fantasy"
566555,"Detective Conan: The Fist of Blue Sapphire",https://image.tmdb.org/t/p/w500/jUfCBwhSTE02jTN9REJbHm2lRL8.jpg,"23rd Detective Conan Movie.",1555030800,"Animation, Action, Drama, Mystery, Comedy"
438650,"Cold Pursuit",https://image.tmdb.org/t/p/w500/hXgmWPd1SuujRZ4QnKLzrj79PAw.jpg,"Nels Coxman's quiet life comes crashing down when his beloved son dies under mysterious circumstances. His search for the truth soon becomes a quest for revenge as he seeks coldblooded justice against a drug lord and his inner circle.",1549497600,Action
181808,"Star Wars: The Last Jedi",https://image.tmdb.org/t/p/w500/kOVEVeg59E0wsnXmF9nrh6OmWII.jpg,"Rey develops her newly discovered abilities with the guidance of Luke Skywalker, who is unsettled by the strength of her powers. Meanwhile, the Resistance prepares to do battle with the First Order.",1513123200,Documentary
383498,"Deadpool 2",https://image.tmdb.org/t/p/w500/to0spRl1CMDvyUbOnbb4fTk3VAd.jpg,"Wisecracking mercenary Deadpool battles the evil and powerful Cable and other bad guys to save a boy's life.",1526346000,"Action, Comedy, Adventure"
157336,Interstellar,https://image.tmdb.org/t/p/w500/gEU2QniE6E77NI6lCU6MxlNBvIx.jpg,"Interstellar chronicles the adventures of a group of explorers who make use of a newly discovered wormhole to surpass the limitations on human space travel and conquer the vast distances involved in an interstellar voyage.",1415145600,"Adventure, Drama, Science Fiction"
449985,"Triple Threat",https://image.tmdb.org/t/p/w500/cSpM3QxmoSLp4O1WAMQpUDcaB7R.jpg,"A crime syndicate places a hit on a billionaire's daughter, making her the target of an elite assassin squad. A small band of down-and-out mercenaries protects her, fighting tooth and nail to stop the assassins from reaching their target.",1552953600,"Action, Thriller"
99861,"Avengers: Age of Ultron",https://image.tmdb.org/t/p/w500/4ssDuvEDkSArWEdyBl2X5EHvYKU.jpg,"When Tony Stark tries to jumpstart a dormant peacekeeping program, things go awry and Earth’s Mightiest Heroes are put to the ultimate test as the fate of the planet hangs in the balance. As the villainous Ultron emerges, it is up to The Avengers to stop him from enacting his terrible plans, and soon uneasy alliances and unexpected action pave the way for an epic and unique global adventure.",1429664400,"Action, Adventure, Science Fiction"
271110,"Captain America: Civil War",https://image.tmdb.org/t/p/w500/rAGiXaUfPzY7CDEyNKUofk3Kw2e.jpg,"Following the events of Age of Ultron, the collective governments of the world pass an act designed to regulate all superhuman activity. This polarizes opinion amongst the Avengers, causing two factions to side with Iron Man or Captain America, which causes an epic battle between former allies.",1461718800,"Comedy, Documentary"
529216,Mirage,https://image.tmdb.org/t/p/w500/oLO9y7GoyAVUVoAWD6jCgY7GQfs.jpg,"Two storms separated by 25 years. A woman murdered. A daughter missed. Only 72 hours to discover the truth.",1543536000,Horror
22,"Pirates of the Caribbean: The Curse of the Black Pearl",https://image.tmdb.org/t/p/w500/z8onk7LV9Mmw6zKz4hT6pzzvmvl.jpg,"Jack Sparrow, a freewheeling 18th-century pirate, quarrels with a rival pirate bent on pillaging Port Royal. When the governor's daughter is kidnapped, Sparrow decides to help the girl's love save her.",1057712400,"Adventure, Fantasy, Action"
490132,"Green Book",https://image.tmdb.org/t/p/w500/7BsvSuDQuoqhWmU2fL7W2GOcZHU.jpg,"Tony Lip, a bouncer in 1962, is hired to drive pianist Don Shirley on a tour through the Deep South in the days when African Americans, forced to find alternate accommodations and services due to segregation laws below the Mason-Dixon Line, relied on a guide called The Negro Motorist Green Book.",1542326400,"Drama, Comedy"
351044,"Welcome to Marwen",https://image.tmdb.org/t/p/w500/dOULsxYQFsOR0cEBBB20xnjJkPD.jpg,"When a devastating attack shatters Mark Hogancamp and wipes away all memories, no one expected recovery. Putting together pieces from his old and new life, Mark meticulously creates a wondrous town named Marwen where he can heal and be heroic. As he builds an astonishing art installation — a testament to the most powerful women he knows — through his fantasy world, he draws strength to triumph in the real one.",1545350400,"Drama, Comedy, Fantasy"
76338,"Thor: The Dark World",https://image.tmdb.org/t/p/w500/wp6OxE4poJ4G7c0U2ZIXasTSMR7.jpg,"Thor fights to restore order across the cosmos… but an ancient race led by the vengeful Malekith returns to plunge the universe back into darkness. Faced with an enemy that even Odin and Asgard cannot withstand, Thor must embark on his most perilous and personal journey yet, one that will reunite him with Jane Foster and force him to sacrifice everything to save us all.",1383004800,"Action, Adventure, Fantasy"
460321,Close,https://image.tmdb.org/t/p/w500/4kjUGqPIv6kpxJUvjmeQX7nQpKd.jpg,"A counter-terrorism expert takes a job protecting a young heiress. After an attempted kidnapping puts both of their lives in danger, they must flee.",1547769600,"Crime, Drama"
327331,"The Dirt",https://image.tmdb.org/t/p/w500/xGY5rr8441ib0lT9mtHZn7e8Aay.jpg,"The story of Mötley Crüe and their rise from the Sunset Strip club scene of the early 1980s to superstardom.",1553212800,
412157,"Steel Country",https://image.tmdb.org/t/p/w500/7QqFn9UzuSnh1uOPeSfYL1MFjkB.jpg,"When a young boy turns up dead in a sleepy Pennsylvania town, a local sanitation truck driver, Donald, plays detective, embarking on a precarious and obsessive investigation to prove the boy was murdered.",1555030800,
122,"The Lord of the Rings: The Return of the King",https://image.tmdb.org/t/p/w500/rCzpDGLbOoPwLjy3OAm5NUPOTrC.jpg,"Aragorn is revealed as the heir to the ancient kings as he, Gandalf and the other members of the broken fellowship struggle to save Gondor from Sauron's forces. Meanwhile, Frodo and Sam bring the ring closer to the heart of Mordor, the dark lord's realm.",1070236800,"Adventure, Fantasy, Action"
348,Alien,https://image.tmdb.org/t/p/w500/vfrQk5IPloGg1v9Rzbh2Eg3VGyM.jpg,"During its return to the earth, commercial spaceship Nostromo intercepts a distress signal from a distant planet. When a three-member team of the crew discovers a chamber containing thousands of eggs on the planet, a creature inside one of the eggs attacks an explorer. The entire crew is unaware of the impending nightmare set to descend upon them when the alien parasite planted inside its unfortunate host is birthed.",296442000,Drama
140607,"Star Wars: The Force Awakens",https://image.tmdb.org/t/p/w500/wqnLdwVXoBjKibFRR5U3y0aDUhs.jpg,"Thirty years after defeating the Galactic Empire, Han Solo and his allies face a new threat from the evil Kylo Ren and his army of Stormtroopers.",1450137600,Documentary
293660,Deadpool,https://image.tmdb.org/t/p/w500/yGSxMiF0cYuAiyuve5DA6bnWEOI.jpg,"Deadpool tells the origin story of former Special Forces operative turned mercenary Wade Wilson, who after being subjected to a rogue experiment that leaves him with accelerated healing powers, adopts the alter ego Deadpool. Armed with his new abilities and a dark, twisted sense of humor, Deadpool hunts down the man who nearly destroyed his life.",1454976000,"Action, Adventure, Comedy"
332562,"A Star Is Born",https://image.tmdb.org/t/p/w500/wrFpXMNBRj2PBiN4Z5kix51XaIZ.jpg,"Seasoned musician Jackson Maine discovers — and falls in love with — struggling artist Ally. She has just about given up on her dream to make it big as a singer — until Jack coaxes her into the spotlight. But even as Ally's career takes off, the personal side of their relationship is breaking down, as Jack fights an ongoing battle with his own internal demons.",1538528400,"Documentary, Music"
426563,"Holmes & Watson",https://image.tmdb.org/t/p/w500/orEUlKndjV1rEcWqXbbjegjfv97.jpg,"Detective Sherlock Holmes and Dr. John Watson join forces to investigate a murder at Buckingham Palace. They soon learn that they have only four days to solve the case, or the queen will become the next victim.",1545696000,"Mystery, Adventure, Comedy, Crime"
429197,Vice,https://image.tmdb.org/t/p/w500/1gCab6rNv1r6V64cwsU4oEr649Y.jpg,"George W. Bush picks Dick Cheney, the CEO of Halliburton Co., to be his Republican running mate in the 2000 presidential election. No stranger to politics, Cheney's impressive résumé includes stints as White House chief of staff, House Minority Whip and defense secretary. When Bush wins by a narrow margin, Cheney begins to use his newfound power to help reshape the country and the world.",1545696000,"Action, Thriller"
335984,"Blade Runner 2049",https://image.tmdb.org/t/p/w500/gajva2L0rPYkEWjzgFlBXCAVBE5.jpg,"Thirty years after the events of the first film, a new blade runner, LAPD Officer K, unearths a long-buried secret that has the potential to plunge what's left of society into chaos. K's discovery leads him on a quest to find Rick Deckard, a former LAPD blade runner who has been missing for 30 years.",1507078800,Documentary
339380,"On the Basis of Sex",https://image.tmdb.org/t/p/w500/izY9Le3QWtu7xkHq7bjJnuE5yGI.jpg,"Young lawyer Ruth Bader Ginsburg teams with her husband Marty to bring a groundbreaking case before the U.S. Court of Appeals and overturn a century of sex discrimination.",1545696000,"Drama, History"
562,"Die Hard",https://image.tmdb.org/t/p/w500/1fq1IpnuVqkD5BMuaXAUW0eVB21.jpg,"NYPD cop John McClane's plan to reconcile with his estranged wife is thrown for a serious loop when, minutes after he arrives at her office, the entire building is overtaken by a group of terrorists. With little help from the LAPD, wisecracking McClane sets out to single-handedly rescue the hostages and bring the bad guys down.",584931600,Action
375588,"Robin Hood",https://image.tmdb.org/t/p/w500/AiRfixFcfTkNbn2A73qVJPlpkUo.jpg,"A war-hardened Crusader and his Moorish commander mount an audacious revolt against the corrupt English crown.",1542672000,"Family, Animation"
381288,Split,https://image.tmdb.org/t/p/w500/bqb9WsmZmDIKxqYmBJ9lj7J6hzn.jpg,"Though Kevin has evidenced 23 personalities to his trusted psychiatrist, Dr. Fletcher, there remains one still submerged who is set to materialize and dominate all the others. Compelled to abduct three teenage girls led by the willful, observant Casey, Kevin reaches a war for survival among all of those contained within him — as well as everyone around him — as the walls between his compartments shatter apart.",1484784000,"Science Fiction, Drama"
10191,"How to Train Your Dragon",https://image.tmdb.org/t/p/w500/ygGmAO60t8GyqUo9xYeYxSZAR3b.jpg,"As the son of a Viking leader on the cusp of manhood, shy Hiccup Horrendous Haddock III faces a rite of passage: he must kill a dragon to prove his warrior mettle. But after downing a feared dragon, he realizes that he no longer wants to destroy it, and instead befriends the beast – which he names Toothless – much to the chagrin of his warrior father",1268179200,"Fantasy, Adventure, Animation, Family"
315635,"Spider-Man: Homecoming",https://image.tmdb.org/t/p/w500/c24sv2weTHPsmDa7jEMN0m2P3RT.jpg,"Following the events of Captain America: Civil War, Peter Parker, with the help of his mentor Tony Stark, tries to balance his life as an ordinary high school student in Queens, New York City, with fighting crime as his superhero alter ego Spider-Man as a new threat, the Vulture, emerges.",1499216400,"Action, Adventure, Science Fiction, Drama"
603,"The Matrix",https://image.tmdb.org/t/p/w500/f89U3ADr1oiB1s9GkdPOEpXUk5H.jpg,"Set in the 22nd century, The Matrix tells the story of a computer hacker who joins a group of underground insurgents fighting the vast and powerful computers who now rule the earth.",922755600,"Documentary, Science Fiction"
586347,"The Hard Way",https://image.tmdb.org/t/p/w500/kwtLphVv3ZbIblc79YNYbZuzbzb.jpg,"After learning of his brother's death during a mission in Romania, a former soldier joins two allies to hunt down a mysterious enemy and take his revenge.",1553040000,"Drama, Thriller"
141052,"Justice League",https://image.tmdb.org/t/p/w500/eifGNCSDuxJeS1loAXil5bIGgvC.jpg,"Fuelled by his restored faith in humanity and inspired by Superman's selfless act, Bruce Wayne and Diana Prince assemble a team of metahumans consisting of Barry Allen, Arthur Curry and Victor Stone to face the catastrophic threat of Steppenwolf and the Parademons who are on the hunt for three Mother Boxes on Earth.",1510704000,Animation
680,"Pulp Fiction",https://image.tmdb.org/t/p/w500/plnlrtBUULT0rh3Xsjmpubiso3L.jpg,"A burger-loving hit man, his philosophical partner, a drug-addled gangster's moll and a washed-up boxer converge in this sprawling, comedic crime caper. Their adventures unfurl in three stories that ingeniously trip back and forth in time.",779158800,
337167,"Fifty Shades Freed",https://image.tmdb.org/t/p/w500/9ZedQHPQVveaIYmDSTazhT3y273.jpg,"Believing they have left behind shadowy figures from their past, newlyweds Christian and Ana fully embrace an inextricable connection and shared life of luxury. But just as she steps into her role as Mrs. Grey and he relaxes into an unfamiliar stability, new threats could jeopardize their happy ending before it even begins.",1516147200,"Drama, Romance"
102899,Ant-Man,https://image.tmdb.org/t/p/w500/rQRnQfUl3kfp78nCWq8Ks04vnq1.jpg,"Armed with the astonishing ability to shrink in scale but increase in strength, master thief Scott Lang must embrace his inner-hero and help his mentor, Doctor Hank Pym, protect the secret behind his spectacular Ant-Man suit from a new generation of towering threats. Against seemingly insurmountable obstacles, Pym and Lang must plan and pull off a heist that will save the world.",1436835600,Documentary
11,"Star Wars",https://image.tmdb.org/t/p/w500/6FfCtAuVAW8XJjZ7eWeLibRLWTw.jpg,"Princess Leia is captured and held hostage by the evil Imperial forces in their effort to take over the galactic Empire. Venturesome Luke Skywalker and dashing captain Han Solo team together with the loveable robot duo R2-D2 and C-3PO to rescue the beautiful princess and restore peace and justice in the Empire.",233370000,Action
807,Se7en,https://image.tmdb.org/t/p/w500/6yoghtyTpznpBik8EngEmJskVUO.jpg,"Two homicide detectives are on a desperate hunt for a serial killer whose crimes are based on the 'seven deadly sins' in this dark and haunting film that takes viewers from the tortured remains of one victim to the next. The seasoned Det. Sommerset researches each sin in an effort to get inside the killer's mind, while his novice partner, Mills, scoffs at his efforts to unravel the case.",811731600,"Crime, Mystery, Thriller"
27205,Inception,https://image.tmdb.org/t/p/w500/9gk7adHYeDvHkCSEqAvQNLV5Uge.jpg,"Cobb, a skilled thief who commits corporate espionage by infiltrating the subconscious of his targets is offered a chance to regain his old life as payment for a task considered to be impossible: 'inception', the implantation of another person's idea into a target's subconscious.",1279155600,"Action, Science Fiction, Adventure"
767,"Harry Potter and the Half-Blood Prince",https://image.tmdb.org/t/p/w500/z7uo9zmQdQwU5ZJHFpv2Upl30i1.jpg,"As Harry begins his sixth year at Hogwarts, he discovers an old book marked as 'Property of the Half-Blood Prince', and begins to learn more about Lord Voldemort's dark past.",1246928400,"Adventure, Fantasy"
1726,"Iron Man",https://image.tmdb.org/t/p/w500/78lPtwv72eTNqFW9COBYI0dWDJa.jpg,"After being held captive in an Afghan cave, billionaire engineer Tony Stark creates a unique weaponized suit of armor to fight evil.",1209517200,Drama
87101,"Terminator Genisys",https://image.tmdb.org/t/p/w500/oZRVDpNtmHk8M1VYy1aeOWUXgbC.jpg,"The year is 2029. John Connor, leader of the resistance continues the war against the machines. At the Los Angeles offensive, John's fears of the unknown future begin to emerge when TECOM spies reveal a new plot by SkyNet that will attack him from both fronts; past and future, and will ultimately change warfare forever.",1435021200,"Science Fiction, Action, Thriller, Adventure"
438799,Overlord,https://image.tmdb.org/t/p/w500/l76Rgp32z2UxjULApxGXAPpYdAP.jpg,"France, June 1944. On the eve of D-Day, some American paratroopers fall behind enemy lines after their aircraft crashes while on a mission to destroy a radio tower in a small village near the beaches of Normandy. After reaching their target, the surviving paratroopers realise that, in addition to fighting the Nazi troops that patrol the village, they also must fight against something else.",1541030400,"Horror, War, Science Fiction"
260513,"Incredibles 2",https://image.tmdb.org/t/p/w500/9lFKBtaVIhP7E2Pk0IY1CwTKTMZ.jpg,"Elastigirl springs into action to save the day, while Mr. Incredible faces his greatest challenge yet – taking care of the problems of his three children.",1528938000,"Action, Adventure, Animation, Family"
